phase_mm,front_left_extension_mm,front_right_extension_mm,rear_left_extension_mm,rear_right_extension_mm
0.000000,117.236364,117.236364,0.000000,0.000000
0.279400,117.236364,117.236364,0.000000,0.000000
0.558800,117.236364,117.236364,0.000000,0.000000
0.838200,117.236364,117.236364,0.000000,0.000000
1.117600,117.236364,117.236364,0.000000,0.000000
1.397000,117.236364,117.236364,0.000000,0.000000
1.676400,117.236364,117.236364,0.000000,0.000000
1.955800,117.236364,117.236364,0.000000,0.000000
2.235200,117.236364,117.236364,0.000000,0.000000
2.514600,117.236364,117.236364,0.000000,0.000000
2.794000,117.236364,117.236364,0.000000,0.000000
3.073400,117.236364,117.236364,0.000000,0.000000
3.352800,117.236364,117.236364,0.000000,0.000000
3.632200,117.236364,117.236364,0.000000,0.000000
3.911600,117.236364,117.236364,0.000000,0.000000
4.191000,117.236364,117.236364,0.000000,0.000000
4.470400,117.236364,117.236364,0.000000,0.000000
4.749800,117.236364,117.236364,0.000000,0.000000
5.029200,117.236364,117.236364,0.000000,0.000000
5.308600,117.236364,117.236364,0.000000,0.000000
5.588000,117.236364,117.236364,0.000000,0.000000
5.867400,117.236364,117.236364,0.000000,0.000000
6.146800,117.236364,117.236364,0.000000,0.000000
6.426200,117.236364,117.236364,0.000000,0.000000
6.705600,117.236364,117.236364,0.000000,0.000000
6.985000,117.236364,117.236364,0.000000,0.000000
7.264400,117.236364,117.236364,0.000000,0.000000
7.543800,117.236364,117.236364,0.000000,0.000000
7.823200,117.236364,117.236364,0.000000,0.000000
8.102600,117.236364,117.236364,0.000000,0.000000
8.382000,117.236364,117.236364,0.000000,0.000000
8.661400,117.236364,117.236364,0.000000,0.000000
8.940800,117.236364,117.236364,0.000000,0.000000
9.220200,117.236364,117.236364,0.000000,0.000000
9.499600,117.236364,117.236364,0.000000,0.000000
9.779000,117.236364,117.236364,0.000000,0.000000
10.058400,117.236364,117.236364,0.000000,0.000000
10.337800,117.236364,117.236364,0.000000,0.000000
10.617200,117.236364,117.236364,0.000000,0.000000
10.896600,117.236364,117.236364,0.000000,0.000000
11.176000,117.236364,117.236364,0.000000,0.000000
11.455400,117.236364,117.236364,0.000000,0.000000
11.734800,117.236364,117.236364,0.000000,0.000000
12.014200,117.236364,117.236364,0.000000,0.000000
12.293600,117.236364,117.236364,0.000000,0.000000
12.573000,117.236364,117.236364,0.000000,0.000000
12.852400,117.236364,117.236364,0.000000,0.000000
13.131800,117.236364,117.236364,0.000000,0.000000
13.411200,117.236364,117.236364,0.000000,0.000000
13.690600,117.236364,117.236364,0.000000,0.000000
13.970000,117.236364,117.236364,0.000000,0.000000
14.249400,117.236364,117.236364,0.000000,0.000000
14.528800,117.236364,117.236364,0.000000,0.000000
14.808200,117.236364,117.236364,0.000000,0.000000
15.087600,117.236364,117.236364,0.000000,0.000000
15.367000,117.236364,117.236364,0.000000,0.000000
15.646400,117.236364,117.236364,0.000000,0.000000
15.925800,117.236364,117.236364,0.000000,0.000000
16.205200,117.236364,117.236364,0.000000,0.000000
16.484600,117.236364,117.236364,0.000000,0.000000
16.764000,117.236364,117.236364,0.000000,0.000000
17.043400,117.236364,117.236364,0.000000,0.000000
17.322800,117.236364,117.236364,0.000000,0.000000
17.602200,117.236364,117.236364,0.000000,0.000000
17.881600,117.236364,117.236364,0.000000,0.000000
18.161000,117.236364,117.236364,0.000000,0.000000
18.440400,117.236364,117.236364,0.000000,0.000000
18.719800,117.236364,117.236364,0.000000,0.000000
18.999200,117.236364,117.236364,0.000000,0.000000
19.278600,117.236364,117.236364,0.000000,0.000000
19.558000,117.236364,117.236364,0.000000,0.000000
19.837400,117.236364,117.236364,0.000000,0.000000
20.116800,117.236364,117.236364,0.000000,0.000000
20.396200,117.236364,117.236364,0.000000,0.000000
20.675600,117.236364,117.236364,0.000000,0.000000
20.955000,117.236364,117.236364,0.000000,0.000000
21.234400,117.236364,117.236364,0.000000,0.000000
21.513800,117.236364,117.236364,0.000000,0.000000
21.793200,117.236364,117.236364,0.000000,0.000000
22.072600,117.236364,117.236364,0.000000,0.000000
22.352000,117.236364,117.236364,0.000000,0.000000
22.631400,117.236364,117.236364,0.000000,0.000000
22.910800,117.236364,117.236364,0.000000,0.000000
23.190200,117.236364,117.236364,0.000000,0.000000
23.469600,117.236364,117.236364,0.000000,0.000000
23.749000,117.236364,117.236364,0.000000,0.000000
24.028400,117.236364,117.236364,0.000000,0.000000
24.307800,117.236364,117.236364,0.000000,0.000000
24.587200,117.236364,117.236364,0.000000,0.000000
24.866600,117.236364,117.236364,0.000000,0.000000
25.146000,117.236364,117.236364,0.000000,0.000000
25.425400,117.236364,117.236364,0.000000,0.000000
25.704800,117.236364,117.236364,0.000000,0.000000
25.984200,117.236364,117.236364,0.000000,0.000000
26.263600,117.236364,117.236364,0.000000,0.000000
26.543000,117.236364,117.236364,0.000000,0.000000
26.822400,117.236364,117.236364,0.000000,0.000000
27.101800,117.236364,117.236364,0.000000,0.000000
27.381200,117.236364,117.236364,0.000000,0.000000
27.660600,117.236364,117.236364,0.000000,0.000000
27.940000,117.236364,117.236364,0.000000,0.000000
28.219400,117.236364,117.236364,0.000000,0.000000
28.498800,117.236364,117.236364,0.000000,0.000000
28.778200,117.236364,117.236364,0.000000,0.000000
29.057600,117.236364,117.236364,0.000000,0.000000
29.337000,117.236364,117.236364,0.000000,0.000000
29.616400,117.236364,117.236364,0.000000,0.000000
29.895800,117.236364,117.236364,0.000000,0.000000
30.175200,117.236364,117.236364,0.000000,0.000000
30.454600,117.236364,117.236364,0.000000,0.000000
30.734000,117.236364,117.236364,0.000000,0.000000
31.013400,117.236364,117.236364,0.000000,0.000000
31.292800,117.236364,117.236364,0.000000,0.000000
31.572200,117.236364,117.236364,0.000000,0.000000
31.851600,117.236364,117.236364,0.000000,0.000000
32.131000,117.236364,117.236364,0.000000,0.000000
32.410400,117.236364,117.236364,0.000000,0.000000
32.689800,117.236364,117.236364,0.000000,0.000000
32.969200,117.236364,117.236364,0.000000,0.000000
33.248600,117.236364,117.236364,0.000000,0.000000
33.528000,117.236364,117.236364,0.000000,0.000000
33.807400,117.236364,117.236364,0.000000,0.000000
34.086800,117.236364,117.236364,0.000000,0.000000
34.366200,117.236364,117.236364,0.000000,0.000000
34.645600,117.236364,117.236364,0.000000,0.000000
34.925000,117.236364,117.236364,0.000000,0.000000
35.204400,117.236364,117.236364,0.000000,0.000000
35.483800,117.236364,117.236364,0.000000,0.000000
35.763200,117.236364,117.236364,0.000000,0.000000
36.042600,117.236364,117.236364,0.000000,0.000000
36.322000,117.236364,117.236364,0.000000,0.000000
36.601400,117.236364,117.236364,0.000000,0.000000
36.880800,117.236364,117.236364,0.000000,0.000000
37.160200,117.236364,117.236364,0.000000,0.000000
37.439600,117.236364,117.236364,0.000000,0.000000
37.719000,117.236364,117.236364,0.000000,0.000000
37.998400,117.236364,117.236364,0.000000,0.000000
38.277800,117.236364,117.236364,0.000000,0.000000
38.557200,117.236364,117.236364,0.000000,0.000000
38.836600,117.236364,117.236364,0.000000,0.000000
39.116000,117.236364,117.236364,0.000000,0.000000
39.395400,117.236364,117.236364,0.000000,0.000000
39.674800,117.236364,117.236364,0.000000,0.000000
39.954200,117.236364,117.236364,0.000000,0.000000
40.233600,117.236364,117.236364,0.000000,0.000000
40.513000,117.236364,117.236364,0.000000,0.000000
40.792400,117.236364,117.236364,0.000000,0.000000
41.071800,117.236364,117.236364,0.000000,0.000000
41.351200,117.236364,117.236364,0.000000,0.000000
41.630600,117.236364,117.236364,0.000000,0.000000
41.910000,117.236364,117.236364,0.000000,0.000000
42.189400,117.236364,117.236364,0.000000,0.000000
42.468800,117.236364,117.236364,0.000000,0.000000
42.748200,117.236364,117.236364,0.000000,0.000000
43.027600,117.236364,117.236364,0.000000,0.000000
43.307000,117.236364,117.236364,0.000000,0.000000
43.586400,117.236364,117.236364,0.000000,0.000000
43.865800,117.236364,117.236364,0.000000,0.000000
44.145200,117.236364,117.236364,0.000000,0.000000
44.424600,117.236364,117.236364,0.000000,0.000000
44.704000,117.236364,117.236364,0.000000,0.000000
44.983400,117.236364,117.236364,0.000000,0.000000
45.262800,117.236364,117.236364,0.000000,0.000000
45.542200,117.236364,117.236364,0.000000,0.000000
45.821600,117.236364,117.236364,0.000000,0.000000
46.101000,117.236364,117.236364,0.000000,0.000000
46.380400,117.236364,117.236364,0.000000,0.000000
46.659800,117.236364,117.236364,0.000000,0.000000
46.939200,117.236364,117.236364,0.000000,0.000000
47.218600,117.236364,117.236364,0.000000,0.000000
47.498000,117.236364,117.236364,0.000000,0.000000
47.777400,117.236364,117.236364,0.000000,0.000000
48.056800,117.236364,117.236364,0.000000,0.000000
48.336200,117.236364,117.236364,0.000000,0.000000
48.615600,117.236364,117.236364,0.000000,0.000000
48.895000,117.236364,117.236364,0.000000,0.000000
49.174400,117.236364,117.236364,0.000000,0.000000
49.453800,117.236364,117.236364,0.000000,0.000000
49.733200,117.236364,117.236364,0.000000,0.000000
50.012600,117.236364,117.236364,0.000000,0.000000
50.292000,117.236364,117.236364,0.000000,0.000000
50.571400,117.236364,117.236364,0.000000,0.000000
50.850800,117.236364,117.236364,0.000000,0.000000
51.130200,117.236364,117.236364,0.000000,0.000000
51.409600,117.236364,117.236364,0.000000,0.000000
51.689000,117.236364,117.236364,0.000000,0.000000
51.968400,117.236364,117.236364,0.000000,0.000000
52.247800,117.236364,117.236364,0.000000,0.000000
52.527200,117.236364,117.236364,0.000000,0.000000
52.806600,117.236364,117.236364,0.000000,0.000000
53.086000,117.236364,117.236364,0.000000,0.000000
53.365400,117.236364,117.236364,0.000000,0.000000
53.644800,117.236364,117.236364,0.000000,0.000000
53.924200,117.236364,117.236364,0.000000,0.000000
54.203600,117.236364,117.236364,0.000000,0.000000
54.483000,117.236364,117.236364,0.000000,0.000000
54.762400,117.236364,117.236364,0.000000,0.000000
55.041800,117.236364,117.236364,0.000000,0.000000
55.321200,117.236364,117.236364,0.000000,0.000000
55.600600,117.236364,117.236364,0.000000,0.000000
55.880000,117.236364,117.236364,0.000000,0.000000
56.159400,117.236364,117.236364,0.000000,0.000000
56.438800,117.236364,117.236364,0.000000,0.000000
56.718200,117.236364,117.236364,0.000000,0.000000
56.997600,117.236364,117.236364,0.000000,0.000000
57.277000,117.236364,117.236364,0.000000,0.000000
57.556400,117.236364,117.236364,0.000000,0.000000
57.835800,117.236364,117.236364,0.000000,0.000000
58.115200,117.236364,117.236364,0.000000,0.000000
58.394600,117.236364,117.236364,0.000000,0.000000
58.674000,117.236364,117.236364,0.000000,0.000000
58.953400,117.236364,117.236364,0.000000,0.000000
59.232800,117.236364,117.236364,0.000000,0.000000
59.512200,117.236364,117.236364,0.000000,0.000000
59.791600,117.236364,117.236364,0.000000,0.000000
60.071000,117.236364,117.236364,0.000000,0.000000
60.350400,117.236364,117.236364,0.000000,0.000000
60.629800,117.236364,117.236364,0.000000,0.000000
60.909200,117.236364,117.236364,0.000000,0.000000
61.188600,117.236364,117.236364,0.000000,0.000000
61.468000,117.236364,117.236364,0.000000,0.000000
61.747400,117.236364,117.236364,0.000000,0.000000
62.026800,117.236364,117.236364,0.000000,0.000000
62.306200,117.236364,117.236364,0.000000,0.000000
62.585600,117.236364,117.236364,0.000000,0.000000
62.865000,117.236364,117.236364,0.000000,0.000000
63.144400,117.236364,117.236364,0.000000,0.000000
63.423800,117.236364,117.236364,0.000000,0.000000
63.703200,117.236364,117.236364,0.000000,0.000000
63.982600,117.236364,117.236364,0.000000,0.000000
64.262000,117.236364,117.236364,0.000000,0.000000
64.541400,117.236364,117.236364,0.000000,0.000000
64.820800,117.236364,117.236364,0.000000,0.000000
65.100200,117.236364,117.236364,0.000000,0.000000
65.379600,117.236364,117.236364,0.000000,0.000000
65.659000,117.236364,117.236364,0.000000,0.000000
65.938400,117.236364,117.236364,0.000000,0.000000
66.217800,117.236364,117.236364,0.000000,0.000000
66.497200,117.236364,117.236364,0.000000,0.000000
66.776600,117.236364,117.236364,0.000000,0.000000
67.056000,117.236364,117.236364,0.000000,0.000000
67.335400,117.236364,117.236364,0.000000,0.000000
67.614800,117.236364,117.236364,0.000000,0.000000
67.894200,117.236364,117.236364,0.000000,0.000000
68.173600,117.236364,117.236364,0.000000,0.000000
68.453000,117.236364,117.236364,0.000000,0.000000
68.732400,117.236364,117.236364,0.000000,0.000000
69.011800,117.236364,117.236364,0.000000,0.000000
69.291200,117.236364,117.236364,0.000000,0.000000
69.570600,117.236364,117.236364,0.000000,0.000000
69.850000,117.236364,117.236364,0.000000,0.000000
70.129400,117.236364,117.236364,0.000000,0.000000
70.408800,117.236364,117.236364,0.000000,0.000000
70.688200,117.236364,117.236364,0.000000,0.000000
70.967600,117.236364,117.236364,0.000000,0.000000
71.247000,117.236364,117.236364,0.000000,0.000000
71.526400,117.236364,117.236364,0.000000,0.000000
71.805800,117.236364,117.236364,0.000000,0.000000
72.085200,117.236364,117.236364,0.000000,0.000000
72.364600,117.236364,117.236364,0.000000,0.000000
72.644000,117.236364,117.236364,0.000000,0.000000
72.923400,117.236364,117.236364,0.000000,0.000000
73.202800,117.236364,117.236364,0.000000,0.000000
73.482200,117.236364,117.236364,0.000000,0.000000
73.761600,117.236364,117.236364,0.000000,0.000000
74.041000,117.236364,117.236364,0.000000,0.000000
74.320400,117.236364,117.236364,0.000000,0.000000
74.599800,117.236364,117.236364,0.000000,0.000000
74.879200,117.236364,117.236364,0.000000,0.000000
75.158600,117.236364,117.236364,0.000000,0.000000
75.438000,117.236364,117.236364,0.000000,0.000000
75.717400,117.236364,117.236364,0.000000,0.000000
75.996800,117.236364,117.236364,0.000000,0.000000
76.276200,117.236364,117.236364,0.000000,0.000000
76.555600,117.236364,117.236364,0.000000,0.000000
76.835000,117.236364,117.236364,0.000000,0.000000
77.114400,117.236364,117.236364,0.000000,0.000000
77.393800,117.236364,117.236364,0.000000,0.000000
77.673200,117.236364,117.236364,0.000000,0.000000
77.952600,117.236364,117.236364,0.000000,0.000000
78.232000,117.236364,117.236364,0.000000,0.000000
78.511400,117.236364,117.236364,0.000000,0.000000
78.790800,117.236364,117.236364,0.000000,0.000000
79.070200,117.236364,117.236364,0.000000,0.000000
79.349600,117.236364,117.236364,0.000000,0.000000
79.629000,117.236364,117.236364,0.000000,0.000000
79.908400,117.236364,117.236364,0.000000,0.000000
80.187800,117.236364,117.236364,0.000000,0.000000
80.467200,117.236364,117.236364,0.000000,0.000000
80.746600,117.236364,117.236364,0.000000,0.000000
81.026000,117.236364,117.236364,0.000000,0.000000
81.305400,117.236364,117.236364,0.000000,0.000000
81.584800,117.236364,117.236364,0.000000,0.000000
81.864200,117.236364,117.236364,0.000000,0.000000
82.143600,117.236364,117.236364,0.000000,0.000000
82.423000,117.236364,117.236364,0.000000,0.000000
82.702400,117.236364,117.236364,0.000000,0.000000
82.981800,117.236364,117.236364,0.000000,0.000000
83.261200,117.236364,117.236364,0.000000,0.000000
83.540600,117.236364,117.236364,0.000000,0.000000
83.820000,117.236364,117.236364,0.000000,0.000000
84.099400,117.236364,117.236364,0.000000,0.000000
84.378800,117.236364,117.236364,0.000000,0.000000
84.658200,117.236364,117.236364,0.000000,0.000000
84.937600,117.236364,117.236364,0.000000,0.000000
85.217000,117.236364,117.236364,0.000000,0.000000
85.496400,117.236364,117.236364,0.000000,0.000000
85.775800,117.236364,117.236364,0.000000,0.000000
86.055200,117.236364,117.236364,0.000000,0.000000
86.334600,117.236364,117.236364,0.000000,0.000000
86.614000,117.236364,117.236364,0.000000,0.000000
86.893400,117.236364,117.236364,0.000000,0.000000
87.172800,117.236364,117.236364,0.000000,0.000000
87.452200,117.236364,117.236364,0.000000,0.000000
87.731600,117.236364,117.236364,0.000000,0.000000
88.011000,117.236364,117.236364,0.000000,0.000000
88.290400,117.236364,117.236364,0.000000,0.000000
88.569800,117.236364,117.236364,0.000000,0.000000
88.849200,117.236364,117.236364,0.000000,0.000000
89.128600,117.236364,117.236364,0.000000,0.000000
89.408000,117.236364,117.236364,0.000000,0.000000
89.687400,117.236364,117.236364,0.000000,0.000000
89.966800,117.236364,117.236364,0.000000,0.000000
90.246200,117.236364,117.236364,0.000000,0.000000
90.525600,117.236364,117.236364,0.000000,0.000000
90.805000,117.236364,117.236364,0.000000,0.000000
91.084400,117.236364,117.236364,0.000000,0.000000
91.363800,117.236364,117.236364,0.000000,0.000000
91.643200,117.236364,117.236364,0.000000,0.000000
91.922600,117.236364,117.236364,0.000000,0.000000
92.202000,117.236364,117.236364,0.000000,0.000000
92.481400,117.236364,117.236364,0.000000,0.000000
92.760800,117.236364,117.236364,0.000000,0.000000
93.040200,117.236364,117.236364,0.000000,0.000000
93.319600,117.236364,117.236364,0.000000,0.000000
93.599000,117.236364,117.236364,0.000000,0.000000
93.878400,117.236364,117.236364,0.000000,0.000000
94.157800,117.236364,117.236364,0.000000,0.000000
94.437200,117.236364,117.236364,0.000000,0.000000
94.716600,117.236364,117.236364,0.000000,0.000000
94.996000,117.236364,117.236364,0.000000,0.000000
95.275400,117.236364,117.236364,0.000000,0.000000
95.554800,117.236364,117.236364,0.000000,0.000000
95.834200,117.236364,117.236364,0.000000,0.000000
96.113600,117.236364,117.236364,0.000000,0.000000
96.393000,117.236364,117.236364,0.000000,0.000000
96.672400,117.236364,117.236364,0.000000,0.000000
96.951800,117.236364,117.236364,0.000000,0.000000
97.231200,117.236364,117.236364,0.000000,0.000000
97.510600,117.236364,117.236364,0.000000,0.000000
97.790000,117.236364,117.236364,0.000000,0.000000
98.069400,117.236364,117.236364,0.000000,0.000000
98.348800,117.236364,117.236364,0.000000,0.000000
98.628200,117.236364,117.236364,0.000000,0.000000
98.907600,117.236364,117.236364,0.000000,0.000000
99.187000,117.236364,117.236364,0.000000,0.000000
99.466400,117.236364,117.236364,0.000000,0.000000
99.745800,117.236364,117.236364,0.000000,0.000000
100.025200,117.236364,117.236364,0.000000,0.000000
100.304600,117.236364,117.236364,0.000000,0.000000
100.584000,117.236364,117.236364,0.000000,0.000000
100.863400,117.236364,117.236364,0.000000,0.000000
101.142800,117.236364,117.236364,0.000000,0.000000
101.422200,117.236364,117.236364,0.000000,0.000000
101.701600,117.236364,117.236364,0.000000,0.000000
101.981000,117.236364,117.236364,0.000000,0.000000
102.260400,117.236364,117.236364,0.000000,0.000000
102.539800,117.236364,117.236364,0.000000,0.000000
102.819200,117.236364,117.236364,0.000000,0.000000
103.098600,117.236364,117.236364,0.000000,0.000000
103.378000,117.236364,117.236364,0.000000,0.000000
103.657400,117.236364,117.236364,0.000000,0.000000
103.936800,117.236364,117.236364,0.000000,0.000000
104.216200,117.236364,117.236364,0.000000,0.000000
104.495600,117.236364,117.236364,0.000000,0.000000
104.775000,117.236364,117.236364,0.000000,0.000000
105.054400,117.236364,117.236364,0.000000,0.000000
105.333800,117.236364,117.236364,0.000000,0.000000
105.613200,117.236364,117.236364,0.000000,0.000000
105.892600,117.236364,117.236364,0.000000,0.000000
106.172000,117.236364,117.236364,0.000000,0.000000
106.451400,117.236364,117.236364,0.000000,0.000000
106.730800,117.236364,117.236364,0.000000,0.000000
107.010200,117.236364,117.236364,0.000000,0.000000
107.289600,117.236364,117.236364,0.000000,0.000000
107.569000,117.236364,117.236364,0.000000,0.000000
107.848400,117.236364,117.236364,0.000000,0.000000
108.127800,117.236364,117.236364,0.000000,0.000000
108.407200,117.236364,117.236364,0.000000,0.000000
108.686600,117.236364,117.236364,0.000000,0.000000
108.966000,117.236364,117.236364,0.000000,0.000000
109.245400,117.236364,117.236364,0.000000,0.000000
109.524800,117.236364,117.236364,0.000000,0.000000
109.804200,117.236364,117.236364,0.000000,0.000000
110.083600,117.236364,117.236364,0.000000,0.000000
110.363000,117.236364,117.236364,0.000000,0.000000
110.642400,117.236364,117.236364,0.000000,0.000000
110.921800,117.236364,117.236364,0.000000,0.000000
111.201200,117.236364,117.236364,0.000000,0.000000
111.480600,117.236364,117.236364,0.000000,0.000000
111.760000,117.236364,117.236364,0.000000,0.000000
112.039400,117.236364,117.236364,0.000000,0.000000
112.318800,117.236364,117.236364,0.000000,0.000000
112.598200,117.236364,117.236364,0.000000,0.000000
112.877600,117.236364,117.236364,0.000000,0.000000
113.157000,117.236364,117.236364,0.000000,0.000000
113.436400,117.236364,117.236364,0.000000,0.000000
113.715800,117.236364,117.236364,0.000000,0.000000
113.995200,117.236364,117.236364,0.000000,0.000000
114.274600,117.236364,117.236364,0.000000,0.000000
114.554000,117.236364,117.236364,0.000000,0.000000
114.833400,117.236364,117.236364,0.000000,0.000000
115.112800,117.236364,117.236364,0.000000,0.000000
115.392200,117.236364,117.236364,0.000000,0.000000
115.671600,117.236364,117.236364,0.000000,0.000000
115.951000,117.236364,117.236364,0.000000,0.000000
116.230400,117.236364,117.236364,0.000000,0.000000
116.509800,117.236364,117.236364,0.000000,0.000000
116.789200,117.236364,117.236364,0.000000,0.000000
117.068600,117.236364,117.236364,0.000000,0.000000
117.348000,117.236364,117.236364,0.000000,0.000000
117.627400,117.236364,117.236364,0.000000,0.000000
117.906800,117.236364,117.236364,0.000000,0.000000
118.186200,117.236364,117.236364,0.000000,0.000000
118.465600,0.000000,0.000000,85.963636,85.963636
118.745000,0.000000,0.000000,85.963636,85.963636
119.024400,0.000000,0.000000,85.963636,85.963636
119.303800,0.000000,0.000000,85.963636,85.963636
119.583200,0.000000,0.000000,85.963636,85.963636
119.862600,0.000000,0.000000,85.963636,85.963636
120.142000,0.000000,0.000000,85.963636,85.963636
120.421400,0.000000,0.000000,85.963636,85.963636
120.700800,0.000000,0.000000,85.963636,85.963636
120.980200,0.000000,0.000000,85.963636,85.963636
121.259600,0.000000,0.000000,85.963636,85.963636
121.539000,0.000000,0.000000,85.963636,85.963636
121.818400,0.000000,0.000000,85.963636,85.963636
122.097800,0.000000,0.000000,85.963636,85.963636
122.377200,0.000000,0.000000,85.963636,85.963636
122.656600,0.000000,0.000000,85.963636,85.963636
122.936000,0.000000,0.000000,85.963636,85.963636
123.215400,0.000000,0.000000,85.963636,85.963636
123.494800,0.000000,0.000000,85.963636,85.963636
123.774200,0.000000,0.000000,85.963636,85.963636
124.053600,0.000000,0.000000,85.963636,85.963636
124.333000,0.000000,0.000000,85.963636,85.963636
124.612400,0.000000,0.000000,85.963636,85.963636
124.891800,0.000000,0.000000,85.963636,85.963636
125.171200,0.000000,0.000000,85.963636,85.963636
125.450600,0.000000,0.000000,85.963636,85.963636
125.730000,0.000000,0.000000,85.963636,85.963636
126.009400,0.000000,0.000000,85.963636,85.963636
126.288800,0.000000,0.000000,85.963636,85.963636
126.568200,0.000000,0.000000,85.963636,85.963636
126.847600,0.000000,0.000000,85.963636,85.963636
127.127000,0.000000,0.000000,85.963636,85.963636
127.406400,0.000000,0.000000,85.963636,85.963636
127.685800,0.000000,0.000000,85.963636,85.963636
127.965200,0.000000,0.000000,85.963636,85.963636
128.244600,0.000000,0.000000,85.963636,85.963636
128.524000,0.000000,0.000000,85.963636,85.963636
128.803400,0.000000,0.000000,85.963636,85.963636
129.082800,0.000000,0.000000,85.963636,85.963636
129.362200,0.000000,0.000000,85.963636,85.963636
129.641600,0.000000,0.000000,85.963636,85.963636
129.921000,0.000000,0.000000,85.963636,85.963636
130.200400,0.000000,0.000000,85.963636,85.963636
130.479800,0.000000,0.000000,85.963636,85.963636
130.759200,0.000000,0.000000,85.963636,85.963636
131.038600,0.000000,0.000000,85.963636,85.963636
131.318000,0.000000,0.000000,85.963636,85.963636
131.597400,0.000000,0.000000,85.963636,85.963636
131.876800,0.000000,0.000000,85.963636,85.963636
132.156200,0.000000,0.000000,85.963636,85.963636
132.435600,0.000000,0.000000,85.963636,85.963636
132.715000,0.000000,0.000000,85.963636,85.963636
132.994400,0.000000,0.000000,85.963636,85.963636
133.273800,0.000000,0.000000,85.963636,85.963636
133.553200,0.000000,0.000000,85.963636,85.963636
133.832600,0.000000,0.000000,85.963636,85.963636
134.112000,0.000000,0.000000,85.963636,85.963636
134.391400,0.000000,0.000000,85.963636,85.963636
134.670800,0.000000,0.000000,85.963636,85.963636
134.950200,0.000000,0.000000,85.963636,85.963636
135.229600,0.000000,0.000000,85.963636,85.963636
135.509000,0.000000,0.000000,85.963636,85.963636
135.788400,0.000000,0.000000,85.963636,85.963636
136.067800,0.000000,0.000000,85.963636,85.963636
136.347200,0.000000,0.000000,85.963636,85.963636
136.626600,0.000000,0.000000,85.963636,85.963636
136.906000,0.000000,0.000000,85.963636,85.963636
137.185400,0.000000,0.000000,85.963636,85.963636
137.464800,0.000000,0.000000,85.963636,85.963636
137.744200,0.000000,0.000000,85.963636,85.963636
138.023600,0.000000,0.000000,85.963636,85.963636
138.303000,0.000000,0.000000,85.963636,85.963636
138.582400,0.000000,0.000000,85.963636,85.963636
138.861800,0.000000,0.000000,85.963636,85.963636
139.141200,0.000000,0.000000,85.963636,85.963636
139.420600,0.000000,0.000000,85.963636,85.963636
139.700000,0.000000,0.000000,85.963636,85.963636
139.979400,0.000000,0.000000,85.963636,85.963636
140.258800,0.000000,0.000000,85.963636,85.963636
140.538200,0.000000,0.000000,85.963636,85.963636
140.817600,0.000000,0.000000,85.963636,85.963636
141.097000,0.000000,0.000000,85.963636,85.963636
141.376400,0.000000,0.000000,85.963636,85.963636
141.655800,0.000000,0.000000,85.963636,85.963636
141.935200,0.000000,0.000000,85.963636,85.963636
142.214600,0.000000,0.000000,85.963636,85.963636
142.494000,0.000000,0.000000,85.963636,85.963636
142.773400,0.000000,0.000000,85.963636,85.963636
143.052800,0.000000,0.000000,85.963636,85.963636
143.332200,0.000000,0.000000,85.963636,85.963636
143.611600,0.000000,0.000000,85.963636,85.963636
143.891000,0.000000,0.000000,85.963636,85.963636
144.170400,0.000000,0.000000,85.963636,85.963636
144.449800,0.000000,0.000000,85.963636,85.963636
144.729200,0.000000,0.000000,85.963636,85.963636
145.008600,0.000000,0.000000,85.963636,85.963636
145.288000,0.000000,0.000000,85.963636,85.963636
145.567400,0.000000,0.000000,85.963636,85.963636
145.846800,0.000000,0.000000,85.963636,85.963636
146.126200,0.000000,0.000000,85.963636,85.963636
146.405600,0.000000,0.000000,85.963636,85.963636
146.685000,0.000000,0.000000,85.963636,85.963636
146.964400,0.000000,0.000000,85.963636,85.963636
147.243800,0.000000,0.000000,85.963636,85.963636
147.523200,0.000000,0.000000,85.963636,85.963636
147.802600,0.000000,0.000000,85.963636,85.963636
148.082000,0.000000,0.000000,85.963636,85.963636
148.361400,0.000000,0.000000,85.963636,85.963636
148.640800,0.000000,0.000000,85.963636,85.963636
148.920200,0.000000,0.000000,85.963636,85.963636
149.199600,0.000000,0.000000,85.963636,85.963636
149.479000,0.000000,0.000000,85.963636,85.963636
149.758400,0.000000,0.000000,85.963636,85.963636
150.037800,0.000000,0.000000,85.963636,85.963636
150.317200,0.000000,0.000000,85.963636,85.963636
150.596600,0.000000,0.000000,85.963636,85.963636
150.876000,0.000000,0.000000,85.963636,85.963636
151.155400,0.000000,0.000000,85.963636,85.963636
151.434800,0.000000,0.000000,85.963636,85.963636
151.714200,0.000000,0.000000,85.963636,85.963636
151.993600,0.000000,0.000000,85.963636,85.963636
152.273000,0.000000,0.000000,85.963636,85.963636
152.552400,0.000000,0.000000,85.963636,85.963636
152.831800,0.000000,0.000000,85.963636,85.963636
153.111200,0.000000,0.000000,85.963636,85.963636
153.390600,0.000000,0.000000,85.963636,85.963636
153.670000,0.000000,0.000000,85.963636,85.963636
153.949400,0.000000,0.000000,85.963636,85.963636
154.228800,0.000000,0.000000,85.963636,85.963636
154.508200,0.000000,0.000000,85.963636,85.963636
154.787600,0.000000,0.000000,85.963636,85.963636
155.067000,0.000000,0.000000,85.963636,85.963636
155.346400,0.000000,0.000000,85.963636,85.963636
155.625800,0.000000,0.000000,85.963636,85.963636
155.905200,0.000000,0.000000,85.963636,85.963636
156.184600,0.000000,0.000000,85.963636,85.963636
156.464000,0.000000,0.000000,85.963636,85.963636
156.743400,0.000000,0.000000,85.963636,85.963636
157.022800,0.000000,0.000000,85.963636,85.963636
157.302200,0.000000,0.000000,85.963636,85.963636
157.581600,0.000000,0.000000,85.963636,85.963636
157.861000,0.000000,0.000000,85.963636,85.963636
158.140400,0.000000,0.000000,85.963636,85.963636
158.419800,0.000000,0.000000,85.963636,85.963636
158.699200,0.000000,0.000000,85.963636,85.963636
158.978600,0.000000,0.000000,85.963636,85.963636
159.258000,0.000000,0.000000,85.963636,85.963636
159.537400,0.000000,0.000000,85.963636,85.963636
159.816800,0.000000,0.000000,85.963636,85.963636
160.096200,0.000000,0.000000,85.963636,85.963636
160.375600,0.000000,0.000000,85.963636,85.963636
160.655000,0.000000,0.000000,85.963636,85.963636
160.934400,0.000000,0.000000,85.963636,85.963636
161.213800,0.000000,0.000000,85.963636,85.963636
161.493200,0.000000,0.000000,85.963636,85.963636
161.772600,0.000000,0.000000,85.963636,85.963636
162.052000,0.000000,0.000000,85.963636,85.963636
162.331400,0.000000,0.000000,85.963636,85.963636
162.610800,0.000000,0.000000,85.963636,85.963636
162.890200,0.000000,0.000000,85.963636,85.963636
163.169600,0.000000,0.000000,85.963636,85.963636
163.449000,0.000000,0.000000,85.963636,85.963636
163.728400,0.000000,0.000000,85.963636,85.963636
164.007800,0.000000,0.000000,85.963636,85.963636
164.287200,0.000000,0.000000,85.963636,85.963636
164.566600,0.000000,0.000000,85.963636,85.963636
164.846000,0.000000,0.000000,85.963636,85.963636
165.125400,0.000000,0.000000,85.963636,85.963636
165.404800,0.000000,0.000000,85.963636,85.963636
165.684200,0.000000,0.000000,85.963636,85.963636
165.963600,0.000000,0.000000,85.963636,85.963636
166.243000,0.000000,0.000000,85.963636,85.963636
166.522400,0.000000,0.000000,85.963636,85.963636
166.801800,0.000000,0.000000,85.963636,85.963636
167.081200,0.000000,0.000000,85.963636,85.963636
167.360600,0.000000,0.000000,85.963636,85.963636
167.640000,0.000000,0.000000,85.963636,85.963636
167.919400,0.000000,0.000000,85.963636,85.963636
168.198800,0.000000,0.000000,85.963636,85.963636
168.478200,0.000000,0.000000,85.963636,85.963636
168.757600,0.000000,0.000000,85.963636,85.963636
169.037000,0.000000,0.000000,85.963636,85.963636
169.316400,0.000000,0.000000,85.963636,85.963636
169.595800,0.000000,0.000000,85.963636,85.963636
169.875200,0.000000,0.000000,85.963636,85.963636
170.154600,0.000000,0.000000,85.963636,85.963636
170.434000,0.000000,0.000000,85.963636,85.963636
170.713400,0.000000,0.000000,85.963636,85.963636
170.992800,0.000000,0.000000,85.963636,85.963636
171.272200,0.000000,0.000000,85.963636,85.963636
171.551600,0.000000,0.000000,85.963636,85.963636
171.831000,0.000000,0.000000,85.963636,85.963636
172.110400,0.000000,0.000000,85.963636,85.963636
172.389800,0.000000,0.000000,85.963636,85.963636
172.669200,0.000000,0.000000,85.963636,85.963636
172.948600,0.000000,0.000000,85.963636,85.963636
173.228000,0.000000,0.000000,85.963636,85.963636
173.507400,0.000000,0.000000,85.963636,85.963636
173.786800,0.000000,0.000000,85.963636,85.963636
174.066200,0.000000,0.000000,85.963636,85.963636
174.345600,0.000000,0.000000,85.963636,85.963636
174.625000,0.000000,0.000000,85.963636,85.963636
174.904400,0.000000,0.000000,85.963636,85.963636
175.183800,0.000000,0.000000,85.963636,85.963636
175.463200,0.000000,0.000000,85.963636,85.963636
175.742600,0.000000,0.000000,85.963636,85.963636
176.022000,0.000000,0.000000,85.963636,85.963636
176.301400,0.000000,0.000000,85.963636,85.963636
176.580800,0.000000,0.000000,85.963636,85.963636
176.860200,0.000000,0.000000,85.963636,85.963636
177.139600,0.000000,0.000000,85.963636,85.963636
177.419000,0.000000,0.000000,85.963636,85.963636
177.698400,0.000000,0.000000,85.963636,85.963636
177.977800,0.000000,0.000000,85.963636,85.963636
178.257200,0.000000,0.000000,85.963636,85.963636
178.536600,0.000000,0.000000,85.963636,85.963636
178.816000,0.000000,0.000000,85.963636,85.963636
179.095400,0.000000,0.000000,85.963636,85.963636
179.374800,0.000000,0.000000,85.963636,85.963636
179.654200,0.000000,0.000000,85.963636,85.963636
179.933600,0.000000,0.000000,85.963636,85.963636
180.213000,0.000000,0.000000,85.963636,85.963636
180.492400,0.000000,0.000000,85.963636,85.963636
180.771800,0.000000,0.000000,85.963636,85.963636
181.051200,0.000000,0.000000,85.963636,85.963636
181.330600,0.000000,0.000000,85.963636,85.963636
181.610000,0.000000,0.000000,85.963636,85.963636
181.889400,0.000000,0.000000,85.963636,85.963636
182.168800,0.000000,0.000000,85.963636,85.963636
182.448200,0.000000,0.000000,85.963636,85.963636
182.727600,0.000000,0.000000,85.963636,85.963636
183.007000,0.000000,0.000000,85.963636,85.963636
183.286400,0.000000,0.000000,85.963636,85.963636
183.565800,0.000000,0.000000,85.963636,85.963636
183.845200,0.000000,0.000000,85.963636,85.963636
184.124600,0.000000,0.000000,85.963636,85.963636
184.404000,0.000000,0.000000,85.963636,85.963636
184.683400,0.000000,0.000000,85.963636,85.963636
184.962800,0.000000,0.000000,85.963636,85.963636
185.242200,0.000000,0.000000,85.963636,85.963636
185.521600,0.000000,0.000000,85.963636,85.963636
185.801000,0.000000,0.000000,85.963636,85.963636
186.080400,0.000000,0.000000,85.963636,85.963636
186.359800,0.000000,0.000000,85.963636,85.963636
186.639200,0.000000,0.000000,85.963636,85.963636
186.918600,0.000000,0.000000,85.963636,85.963636
187.198000,0.000000,0.000000,85.963636,85.963636
187.477400,0.000000,0.000000,85.963636,85.963636
187.756800,0.000000,0.000000,85.963636,85.963636
188.036200,0.000000,0.000000,85.963636,85.963636
188.315600,0.000000,0.000000,85.963636,85.963636
188.595000,0.000000,0.000000,85.963636,85.963636
188.874400,0.000000,0.000000,85.963636,85.963636
189.153800,0.000000,0.000000,85.963636,85.963636
189.433200,0.000000,0.000000,85.963636,85.963636
189.712600,0.000000,0.000000,85.963636,85.963636
189.992000,0.000000,0.000000,85.963636,85.963636
190.271400,0.000000,0.000000,85.963636,85.963636
190.550800,0.000000,0.000000,85.963636,85.963636
190.830200,0.000000,0.000000,85.963636,85.963636
191.109600,0.000000,0.000000,85.963636,85.963636
191.389000,0.000000,0.000000,85.963636,85.963636
191.668400,0.000000,0.000000,85.963636,85.963636
191.947800,0.000000,0.000000,85.963636,85.963636
192.227200,0.000000,0.000000,85.963636,85.963636
192.506600,0.000000,0.000000,85.963636,85.963636
192.786000,0.000000,0.000000,85.963636,85.963636
193.065400,0.000000,0.000000,85.963636,85.963636
193.344800,0.000000,0.000000,85.963636,85.963636
193.624200,0.000000,0.000000,85.963636,85.963636
193.903600,0.000000,0.000000,85.963636,85.963636
194.183000,0.000000,0.000000,85.963636,85.963636
194.462400,0.000000,0.000000,85.963636,85.963636
194.741800,0.000000,0.000000,85.963636,85.963636
195.021200,0.000000,0.000000,85.963636,85.963636
195.300600,0.000000,0.000000,85.963636,85.963636
195.580000,0.000000,0.000000,85.963636,85.963636
195.859400,0.000000,0.000000,85.963636,85.963636
196.138800,0.000000,0.000000,85.963636,85.963636
196.418200,0.000000,0.000000,85.963636,85.963636
196.697600,0.000000,0.000000,85.963636,85.963636
196.977000,0.000000,0.000000,85.963636,85.963636
197.256400,0.000000,0.000000,85.963636,85.963636
197.535800,0.000000,0.000000,85.963636,85.963636
197.815200,0.000000,0.000000,85.963636,85.963636
198.094600,0.000000,0.000000,85.963636,85.963636
198.374000,0.000000,0.000000,85.963636,85.963636
198.653400,0.000000,0.000000,85.963636,85.963636
198.932800,0.000000,0.000000,85.963636,85.963636
199.212200,0.000000,0.000000,85.963636,85.963636
199.491600,0.000000,0.000000,85.963636,85.963636
199.771000,0.000000,0.000000,85.963636,85.963636
200.050400,0.000000,0.000000,85.963636,85.963636
200.329800,0.000000,0.000000,85.963636,85.963636
200.609200,0.000000,0.000000,85.963636,85.963636
200.888600,0.000000,0.000000,85.963636,85.963636
201.168000,0.000000,0.000000,85.963636,85.963636
201.447400,0.000000,0.000000,85.963636,85.963636
201.726800,0.000000,0.000000,85.963636,85.963636
202.006200,0.000000,0.000000,85.963636,85.963636
202.285600,0.000000,0.000000,85.963636,85.963636
202.565000,0.000000,0.000000,85.963636,85.963636
202.844400,0.000000,0.000000,85.963636,85.963636
203.123800,0.000000,0.000000,85.963636,85.963636
203.403200,0.000000,0.000000,85.963636,85.963636
203.682600,0.000000,0.000000,85.963636,85.963636
203.962000,0.000000,0.000000,85.963636,85.963636
204.241400,0.000000,0.000000,85.963636,85.963636
204.520800,0.000000,0.000000,85.963636,85.963636
204.800200,0.000000,0.000000,85.963636,85.963636
205.079600,0.000000,0.000000,85.963636,85.963636
205.359000,0.000000,0.000000,85.963636,85.963636
205.638400,0.000000,0.000000,85.963636,85.963636
205.917800,0.000000,0.000000,85.963636,85.963636
206.197200,0.000000,0.000000,85.963636,85.963636
206.476600,0.000000,0.000000,85.963636,85.963636
206.756000,0.000000,0.000000,85.963636,85.963636
207.035400,0.000000,0.000000,85.963636,85.963636
207.314800,0.000000,0.000000,85.963636,85.963636
207.594200,0.000000,0.000000,85.963636,85.963636
207.873600,0.000000,0.000000,85.963636,85.963636
208.153000,0.000000,0.000000,85.963636,85.963636
208.432400,0.000000,0.000000,85.963636,85.963636
208.711800,0.000000,0.000000,85.963636,85.963636
208.991200,0.000000,0.000000,85.963636,85.963636
209.270600,0.000000,0.000000,85.963636,85.963636
209.550000,0.000000,0.000000,85.963636,85.963636
209.829400,0.000000,0.000000,85.963636,85.963636
210.108800,0.000000,0.000000,85.963636,85.963636
210.388200,0.000000,0.000000,85.963636,85.963636
210.667600,0.000000,0.000000,85.963636,85.963636
210.947000,0.000000,0.000000,85.963636,85.963636
211.226400,0.000000,0.000000,85.963636,85.963636
211.505800,0.000000,0.000000,85.963636,85.963636
211.785200,0.000000,0.000000,85.963636,85.963636
212.064600,0.000000,0.000000,85.963636,85.963636
212.344000,0.000000,0.000000,85.963636,85.963636
212.623400,0.000000,0.000000,85.963636,85.963636
212.902800,0.000000,0.000000,85.963636,85.963636
213.182200,0.000000,0.000000,85.963636,85.963636
213.461600,0.000000,0.000000,85.963636,85.963636
213.741000,0.000000,0.000000,85.963636,85.963636
214.020400,0.000000,0.000000,85.963636,85.963636
214.299800,0.000000,0.000000,85.963636,85.963636
214.579200,0.000000,0.000000,85.963636,85.963636
214.858600,0.000000,0.000000,85.963636,85.963636
215.138000,0.000000,0.000000,85.963636,85.963636
215.417400,0.000000,0.000000,85.963636,85.963636
215.696800,0.000000,0.000000,85.963636,85.963636
215.976200,0.000000,0.000000,85.963636,85.963636
216.255600,0.000000,0.000000,85.963636,85.963636
216.535000,0.000000,0.000000,85.963636,85.963636
216.814400,0.000000,0.000000,85.963636,85.963636
217.093800,0.000000,0.000000,85.963636,85.963636
217.373200,0.000000,0.000000,85.963636,85.963636
217.652600,0.000000,0.000000,85.963636,85.963636
217.932000,0.000000,0.000000,85.963636,85.963636
218.211400,0.000000,0.000000,85.963636,85.963636
218.490800,0.000000,0.000000,85.963636,85.963636
218.770200,0.000000,0.000000,85.963636,85.963636
219.049600,0.000000,0.000000,85.963636,85.963636
219.329000,0.000000,0.000000,85.963636,85.963636
219.608400,0.000000,0.000000,85.963636,85.963636
219.887800,0.000000,0.000000,85.963636,85.963636
220.167200,0.000000,0.000000,85.963636,85.963636
220.446600,0.000000,0.000000,85.963636,85.963636
220.726000,0.000000,0.000000,85.963636,85.963636
221.005400,0.000000,0.000000,85.963636,85.963636
221.284800,0.000000,0.000000,85.963636,85.963636
221.564200,0.000000,0.000000,85.963636,85.963636
221.843600,0.000000,0.000000,85.963636,85.963636
222.123000,0.000000,0.000000,85.963636,85.963636
222.402400,0.000000,0.000000,85.963636,85.963636
222.681800,0.000000,0.000000,85.963636,85.963636
222.961200,0.000000,0.000000,85.963636,85.963636
223.240600,0.000000,0.000000,85.963636,85.963636
223.520000,0.000000,0.000000,85.963636,85.963636
223.799400,0.000000,0.000000,85.963636,85.963636
224.078800,0.000000,0.000000,85.963636,85.963636
224.358200,0.000000,0.000000,85.963636,85.963636
224.637600,0.000000,0.000000,85.963636,85.963636
224.917000,0.000000,0.000000,85.963636,85.963636
225.196400,0.000000,0.000000,85.963636,85.963636
225.475800,0.000000,0.000000,85.963636,85.963636
225.755200,0.000000,0.000000,85.963636,85.963636
226.034600,0.000000,0.000000,85.963636,85.963636
226.314000,0.000000,0.000000,85.963636,85.963636
226.593400,0.000000,0.000000,85.963636,85.963636
226.872800,0.000000,0.000000,85.963636,85.963636
227.152200,0.000000,0.000000,85.963636,85.963636
227.431600,0.000000,0.000000,85.963636,85.963636
227.711000,0.000000,0.000000,85.963636,85.963636
227.990400,0.000000,0.000000,85.963636,85.963636
228.269800,0.000000,0.000000,85.963636,85.963636
228.549200,0.000000,0.000000,85.963636,85.963636
228.828600,0.000000,0.000000,85.963636,85.963636
229.108000,0.000000,0.000000,85.963636,85.963636
229.387400,0.000000,0.000000,85.963636,85.963636
229.666800,0.000000,0.000000,85.963636,85.963636
229.946200,0.000000,0.000000,85.963636,85.963636
230.225600,0.000000,0.000000,85.963636,85.963636
230.505000,0.000000,0.000000,85.963636,85.963636
230.784400,0.000000,0.000000,85.963636,85.963636
231.063800,0.000000,0.000000,85.963636,85.963636
231.343200,0.000000,0.000000,85.963636,85.963636
231.622600,0.000000,0.000000,85.963636,85.963636
231.902000,0.000000,0.000000,85.963636,85.963636
232.181400,0.000000,0.000000,85.963636,85.963636
232.460800,0.000000,0.000000,85.963636,85.963636
232.740200,0.000000,0.000000,85.963636,85.963636
233.019600,0.000000,0.000000,85.963636,85.963636
233.299000,0.000000,0.000000,85.963636,85.963636
233.578400,0.000000,0.000000,85.963636,85.963636
233.857800,0.000000,0.000000,85.963636,85.963636
234.137200,0.000000,0.000000,85.963636,85.963636
234.416600,0.000000,0.000000,85.963636,85.963636
234.696000,0.000000,0.000000,85.963636,85.963636
234.975400,0.000000,0.000000,85.963636,85.963636
235.254800,0.000000,0.000000,85.963636,85.963636
235.534200,0.000000,0.000000,85.963636,85.963636
235.813600,0.000000,0.000000,85.963636,85.963636
236.093000,0.000000,0.000000,85.963636,85.963636
236.372400,0.000000,0.000000,85.963636,85.963636
236.651800,0.000000,0.000000,85.963636,85.963636
236.931200,0.000000,0.000000,85.963636,85.963636
237.210600,0.000000,0.000000,85.963636,85.963636
237.490000,0.000000,0.000000,85.963636,85.963636
237.769400,0.000000,0.000000,85.963636,85.963636
238.048800,0.000000,0.000000,85.963636,85.963636
238.328200,0.000000,0.000000,85.963636,85.963636
238.607600,0.000000,0.000000,85.963636,85.963636
238.887000,0.000000,0.000000,85.963636,85.963636
239.166400,0.000000,0.000000,85.963636,85.963636
239.445800,0.000000,0.000000,85.963636,85.963636
239.725200,0.000000,0.000000,85.963636,85.963636
240.004600,0.000000,0.000000,85.963636,85.963636
240.284000,0.000000,0.000000,85.963636,85.963636
240.563400,0.000000,0.000000,85.963636,85.963636
240.842800,0.000000,0.000000,85.963636,85.963636
241.122200,0.000000,0.000000,85.963636,85.963636
241.401600,0.000000,0.000000,85.963636,85.963636
241.681000,0.000000,0.000000,85.963636,85.963636
241.960400,0.000000,0.000000,85.963636,85.963636
242.239800,0.000000,0.000000,85.963636,85.963636
242.519200,0.000000,0.000000,85.963636,85.963636
242.798600,0.000000,0.000000,85.963636,85.963636
243.078000,0.000000,0.000000,85.963636,85.963636
243.357400,0.000000,0.000000,85.963636,85.963636
243.636800,0.000000,0.000000,85.963636,85.963636
243.916200,0.000000,0.000000,85.963636,85.963636
244.195600,0.000000,0.000000,85.963636,85.963636
244.475000,0.000000,0.000000,85.963636,85.963636
244.754400,0.000000,0.000000,85.963636,85.963636
245.033800,0.000000,0.000000,85.963636,85.963636
245.313200,0.000000,0.000000,85.963636,85.963636
245.592600,0.000000,0.000000,85.963636,85.963636
245.872000,0.000000,0.000000,85.963636,85.963636
246.151400,0.000000,0.000000,85.963636,85.963636
246.430800,0.000000,0.000000,85.963636,85.963636
246.710200,0.000000,0.000000,85.963636,85.963636
246.989600,0.000000,0.000000,85.963636,85.963636
247.269000,0.000000,0.000000,85.963636,85.963636
247.548400,0.000000,0.000000,85.963636,85.963636
247.827800,0.000000,0.000000,85.963636,85.963636
248.107200,0.000000,0.000000,85.963636,85.963636
248.386600,0.000000,0.000000,85.963636,85.963636
248.666000,0.000000,0.000000,85.963636,85.963636
248.945400,0.000000,0.000000,85.963636,85.963636
249.224800,0.000000,0.000000,85.963636,85.963636
249.504200,0.000000,0.000000,85.963636,85.963636
249.783600,0.000000,0.000000,85.963636,85.963636
250.063000,0.000000,0.000000,85.963636,85.963636
250.342400,0.000000,0.000000,85.963636,85.963636
250.621800,0.000000,0.000000,85.963636,85.963636
250.901200,0.000000,0.000000,85.963636,85.963636
251.180600,0.000000,0.000000,85.963636,85.963636
251.460000,0.000000,0.000000,85.963636,85.963636
251.739400,0.000000,0.000000,85.963636,85.963636
252.018800,0.000000,0.000000,85.963636,85.963636
252.298200,0.000000,0.000000,85.963636,85.963636
252.577600,0.000000,0.000000,85.963636,85.963636
252.857000,0.000000,0.000000,85.963636,85.963636
253.136400,0.000000,0.000000,85.963636,85.963636
253.415800,0.000000,0.000000,85.963636,85.963636
253.695200,0.000000,0.000000,85.963636,85.963636
253.974600,0.000000,0.000000,85.963636,85.963636
254.254000,0.000000,0.000000,85.963636,85.963636
254.533400,0.000000,0.000000,85.963636,85.963636
254.812800,0.000000,0.000000,85.963636,85.963636
255.092200,0.000000,0.000000,85.963636,85.963636
255.371600,0.000000,0.000000,85.963636,85.963636
255.651000,0.000000,0.000000,85.963636,85.963636
255.930400,0.000000,0.000000,85.963636,85.963636
256.209800,0.000000,0.000000,85.963636,85.963636
256.489200,0.000000,0.000000,85.963636,85.963636
256.768600,0.000000,0.000000,85.963636,85.963636
257.048000,0.000000,0.000000,85.963636,85.963636
257.327400,0.000000,0.000000,85.963636,85.963636
257.606800,0.000000,0.000000,85.963636,85.963636
257.886200,0.000000,0.000000,85.963636,85.963636
258.165600,0.000000,0.000000,85.963636,85.963636
258.445000,0.000000,0.000000,85.963636,85.963636
258.724400,0.000000,0.000000,85.963636,85.963636
259.003800,0.000000,0.000000,85.963636,85.963636
259.283200,0.000000,0.000000,85.963636,85.963636
259.562600,0.000000,0.000000,85.963636,85.963636
259.842000,0.000000,0.000000,85.963636,85.963636
260.121400,0.000000,0.000000,85.963636,85.963636
260.400800,0.000000,0.000000,85.963636,85.963636
260.680200,0.000000,0.000000,85.963636,85.963636
260.959600,0.000000,0.000000,85.963636,85.963636
261.239000,0.000000,0.000000,85.963636,85.963636
261.518400,0.000000,0.000000,85.963636,85.963636
261.797800,0.000000,0.000000,85.963636,85.963636
262.077200,0.000000,0.000000,85.963636,85.963636
262.356600,0.000000,0.000000,85.963636,85.963636
262.636000,0.000000,0.000000,85.963636,85.963636
262.915400,0.000000,0.000000,85.963636,85.963636
263.194800,0.000000,0.000000,85.963636,85.963636
263.474200,0.000000,0.000000,85.963636,85.963636
263.753600,0.000000,0.000000,85.963636,85.963636
264.033000,0.000000,0.000000,85.963636,85.963636
264.312400,0.000000,0.000000,85.963636,85.963636
264.591800,0.000000,0.000000,85.963636,85.963636
264.871200,0.000000,0.000000,85.963636,85.963636
265.150600,0.000000,0.000000,85.963636,85.963636
265.430000,0.000000,0.000000,85.963636,85.963636
265.709400,0.000000,0.000000,85.963636,85.963636
265.988800,0.000000,0.000000,85.963636,85.963636
266.268200,0.000000,0.000000,85.963636,85.963636
266.547600,0.000000,0.000000,85.963636,85.963636
266.827000,0.000000,0.000000,85.963636,85.963636
267.106400,0.000000,0.000000,85.963636,85.963636
267.385800,0.000000,0.000000,85.963636,85.963636
267.665200,0.000000,0.000000,85.963636,85.963636
267.944600,0.000000,0.000000,85.963636,85.963636
268.224000,0.000000,0.000000,85.963636,85.963636
268.503400,0.000000,0.000000,85.963636,85.963636
268.782800,0.000000,0.000000,85.963636,85.963636
269.062200,0.000000,0.000000,85.963636,85.963636
269.341600,0.000000,0.000000,85.963636,85.963636
269.621000,0.000000,0.000000,85.963636,85.963636
269.900400,0.000000,0.000000,85.963636,85.963636
270.179800,0.000000,0.000000,85.963636,85.963636
270.459200,0.000000,0.000000,85.963636,85.963636
270.738600,0.000000,0.000000,85.963636,85.963636
271.018000,0.000000,0.000000,85.963636,85.963636
271.297400,0.000000,0.000000,85.963636,85.963636
271.576800,0.000000,0.000000,85.963636,85.963636
271.856200,0.000000,0.000000,85.963636,85.963636
272.135600,0.000000,0.000000,85.963636,85.963636
272.415000,0.000000,0.000000,85.963636,85.963636
272.694400,0.000000,0.000000,85.963636,85.963636
272.973800,0.000000,0.000000,85.963636,85.963636
273.253200,0.000000,0.000000,85.963636,85.963636
273.532600,0.000000,0.000000,85.963636,85.963636
273.812000,0.000000,0.000000,85.963636,85.963636
274.091400,0.000000,0.000000,85.963636,85.963636
274.370800,0.000000,0.000000,85.963636,85.963636
274.650200,0.000000,0.000000,85.963636,85.963636
274.929600,0.000000,0.000000,85.963636,85.963636
275.209000,0.000000,0.000000,85.963636,85.963636
275.488400,0.000000,0.000000,85.963636,85.963636
275.767800,0.000000,0.000000,85.963636,85.963636
276.047200,0.000000,0.000000,85.963636,85.963636
276.326600,0.000000,0.000000,85.963636,85.963636
276.606000,0.000000,0.000000,85.963636,85.963636
276.885400,0.000000,0.000000,85.963636,85.963636
277.164800,0.000000,0.000000,85.963636,85.963636
277.444200,0.000000,0.000000,85.963636,85.963636
277.723600,0.000000,0.000000,85.963636,85.963636
278.003000,0.000000,0.000000,85.963636,85.963636
278.282400,0.000000,0.000000,85.963636,85.963636
278.561800,0.000000,0.000000,85.963636,85.963636
278.841200,0.000000,0.000000,85.963636,85.963636
279.120600,0.000000,0.000000,85.963636,85.963636
279.400000,117.236364,117.236364,0.000000,0.000000
